"","Comp.1","Comp.2","Comp.3"
"1",-11.2967171849119,6.69248380623219,-1.97777484071749
"2",-11.4332737527321,6.65020914010599,-1.83124217771651
"3",-10.9799743292379,6.24828241220456,-3.55281878022314
"4",-11.1696806007008,6.28673392947779,-2.87185288835161
"5",-11.1997881734522,6.3698919762223,-2.87276981957138
"6",-10.9995350167792,6.52576051521262,-3.51491205847032
"7",-10.9763711776544,6.55289081051786,-3.50762656264197
"8",-11.0094380981055,6.61470047588268,-3.45930411048571
"9",-10.8796983602165,6.85733083781858,-4.34063921651163
"10",-10.8786361412544,6.94436946342888,-4.24160063905294
"11",-10.9645775515643,6.99479771405464,-4.54927990407104
"12",-10.7859117861881,6.72185898425556,-5.74221453492994
"13",-10.5021930997635,7.27826760923473,-5.33195253542507
"14",-10.6994436974461,6.64689909263638,-4.88860686060696
"15",-10.6413336118239,7.10995829806207,-4.69502119361372
"16",-10.4332762812341,7.46437258778099,-5.22975643350077
"17",-10.4931191362585,7.1497701530367,-4.67027783755169
"18",-10.4654418432717,7.35107380352125,-4.1758308158805
"19",-10.3068299770674,7.62272419473049,-4.4219054583147
"20",-10.453788010676,7.29131901873185,-3.71909501831993
"21",-10.6032024213617,7.23624056331418,-3.85080492605188
"22",-10.436971963736,7.10304622384214,-3.19423474052168
"23",-10.4231747987007,7.0289682033055,-2.67625485945163
"24",-10.48696486615,7.18768995298749,-2.8735253965091
"25",-10.533540492675,7.25467613795473,-3.18198461019105
"26",-10.4329338038173,7.23493006812698,-2.75261122440806
"27",-10.5248952030742,6.86625841062888,-2.2225895417592
"28",-10.6787777814556,6.9873966232744,-1.69371778350404
"29",-10.4765349839205,7.14161484578885,-2.24164625720479
"30",-10.5979465519381,6.86963264120411,-2.38485274925035
"31",-10.6289088011596,6.84403470685373,-2.15898731914604
"32",-10.6690731198209,6.6370964221145,-2.0081804299535
"33",-10.537220834134,6.56919876535007,-2.28384885149634
"34",-10.6820740035347,6.61789778011828,-1.99824891304071
"35",-10.7006703176135,6.58063409885984,-1.52135021195972
"36",-10.772240340363,6.69145175656703,-1.7292674649785
"37",-10.3422410456719,6.5000298188532,-2.4275852726186
"38",-10.4696795343541,6.45189449308307,-2.02908360161507
"39",-10.5213099617442,6.61288059073499,-1.63775813236885
"40",-10.6896205277831,6.82011956039383,-1.15817990128921
"41",-10.6312535853205,6.57403055816498,-1.07510112126948
"42",-10.5116822613013,6.61924331256244,-1.07221040964867
"43",-10.5258639491408,6.63115167824939,-1.16613527451219
"44",-10.6637273293415,6.49488209831066,-0.833782134180272
"45",-10.7321582322949,6.5304252956071,-0.394223878131793
"46",-10.7501214451398,6.54603292423656,-0.23628094970185
"47",-10.6397948297437,6.4144436621953,-0.837713277073421
"48",-10.5182427688694,6.45466831609758,-0.983551233116488
"49",-10.6373942444058,6.32380016413937,-1.12639401935506
"50",-10.7708044963157,6.58958509009828,0.115549682899515
"51",-10.5329148372594,6.60096893384858,-1.04319999011861
"52",-10.3716969383889,6.46772212980984,-1.15773610069209
"53",-10.3950065109753,6.62238316110442,-0.862841592473033
"54",-10.4263206354554,6.64255124759731,-0.721072134949619
"55",-10.3508897674182,6.74259157033249,-0.512762833962016
"56",-10.3909086434025,6.59734813870715,-0.400629057551071
"57",-10.3146246312903,6.53930556073495,-0.757581213607891
"58",-10.3649815845158,6.69382671511068,-0.938789549553847
"59",-10.3006050822481,6.6568046403825,-0.525612402202639
"60",-10.301906230706,6.50914959393399,-0.522240168268854
"61",-10.122714136226,6.339171714881,-0.39223838250556
"62",-10.1706599764793,6.28414299491451,-0.46084814166481
"63",-10.2600381888411,6.43640758745843,-0.102651992819127
"64",-10.294292255166,6.34858068079974,-0.278770632731866
"65",-10.3005443164409,6.42112883015983,0.201454831605238
"66",-10.3511209087887,6.41831673670813,0.199118456469931
"67",-10.3532873703907,6.34150059573169,0.46377645553539
"68",-10.3143028708361,6.32406862346598,0.231202284433027
"69",-10.3113720559167,6.40075711653514,0.352458818563551
"70",-10.2339452513965,6.36421611627437,0.56780256742852
"71",-10.2736780978156,6.39927444055472,0.849197827523881
"72",-10.4566601034698,6.4295640949809,1.49788648548377
"73",-10.2585321747845,6.34062096833018,1.03152527696511
"74",-10.1025438385361,6.0967562870455,0.83741971582197
"75",-10.2318079772785,6.1897998422696,1.150268556035
"76",-10.1042324206495,6.16600378766908,0.933344003772302
"77",-10.158373706523,5.7340418457739,0.389554037567051
"78",-10.1292030547683,5.55855257341719,0.113477650389345
"79",-10.1398131644452,5.3937358068116,-0.278939626331995
"80",-10.2336018474752,5.27361602723632,-0.306543840831155
"81",-10.1530708285975,5.17467465756402,-0.91981371706044
"82",-9.94236123523152,5.02386331751235,-1.28556918045768
"83",-10.1277697646661,4.96556040337503,-0.996844882908651
"84",-10.1055972979339,5.08848325426547,-1.26891809108272
"85",-10.2187308828171,5.56261267710721,-0.432997294396757
"86",-10.3052225407873,5.2250414907178,-0.792967534715894
"87",-10.0237153319025,5.32304284447697,-1.08759090704303
"88",-10.0362292105482,5.63064499798011,-0.984943050543227
"89",-10.1453946017072,5.654791915701,-0.560134618634225
"90",-10.1039754887287,5.53957486286711,-0.561783813217338
"91",-10.2195376224301,5.79787314638089,-0.359017020035573
"92",-10.1344438273599,5.63583591738022,0.0203432279532518
"93",-10.2285256792616,5.69219522392971,0.16001823396539
"94",-10.2254161624721,5.64397721782841,0.119917174665973
"95",-10.201097639307,5.4211799506852,0.400143405538102
"96",-10.0501388927374,5.11575190602219,0.208929013434642
"97",-10.1085582547079,5.03626206512067,0.0506936268849042
"98",-10.151168639804,4.8742509163203,0.873513500668588
"99",-10.2242541856104,4.76193422674811,0.99816155698169
"100",-10.4413043972125,4.38719544080024,1.23686301864131
"101",-10.2719903336007,4.20946093557464,1.34576568047516
"102",-10.2346967144968,4.17947313612596,1.19735146102631
"103",-10.2487562377466,4.21463251480434,1.52980197293511
"104",-10.309403400937,4.15552182597255,1.65266391037822
"105",-10.2242268911855,4.36623297048313,2.21080605507936
"106",-10.1336677064195,4.28135663031365,2.27621120525287
"107",-10.1226681150424,4.12203873177053,2.32808262846249
"108",-10.1532073584697,4.02589315935458,1.86836258835171
"109",-10.4134101152253,4.05925948397797,2.73438975148751
"110",-10.5371052607335,3.79507551386174,2.74244238588678
"111",-10.383954533085,3.71849395987708,2.48091667090385
"112",-10.3456596559701,3.35321285633225,2.67605522231237
"113",-10.5833671371968,2.61862225253673,2.95096079373172
"114",-10.6432394070533,2.53928777707907,2.68076356233487
"115",-10.4391762025977,2.55534393500443,1.80565572593529
"116",-10.565593865614,2.14253839073595,2.16218170591027
"117",-10.5197344302294,2.05361378888271,2.11117168735158
"118",-10.4388291937523,2.12274956690855,1.60972045354883
"119",-10.2912683573777,2.24347515210135,1.09347747186387
"120",-10.3884729234519,2.14877758893751,1.0032653294671
"121",-10.2454677260674,1.81734345786839,-0.354789821283006
"122",-10.4285873902534,1.79530634749231,0.20447237796549
"123",-10.2459437371031,2.4639762389502,-0.347425231994913
"124",-10.2771758332286,1.9067479516959,-0.548471397086487
"125",-10.296974441366,1.93022832700733,-0.748913422498333
"126",-10.3214190523943,2.18325597637503,-0.790115911323582
"127",-10.2855298093141,2.52273401004982,-0.583853212663634
"128",-10.0946249011275,2.65221176677763,-1.10000935883638
"129",-10.0928497204792,2.60681758273202,-1.11433060761925
"130",-10.1496239332066,2.61220071078895,-0.879271967733496
"131",-10.0058533380759,2.90458362483327,-1.22082056943449
"132",-9.94001526202821,3.18435887862261,-0.0503111752416118
"133",-9.54431197604737,3.57674319250812,-0.428182391842805
"134",-9.29380639785142,3.6840725641963,-0.837458801037276
"135",-9.40777490405912,3.77869912436557,0.123953178647221
"136",-9.50015241741283,3.57107650357963,0.407677156637519
"137",-9.71849473515075,3.44163603577698,1.14530478161525
"138",-9.65636558421469,3.20952765845775,0.91104645167738
"139",-9.86777901939957,3.09244484767956,1.53916950834773
"140",-9.91134352707342,2.87500608626092,1.52447685838822
"141",-9.80829493481692,2.89007294035116,1.40259161674222
"142",-9.64511245861425,3.11177156980188,1.8300672055433
"143",-9.62508893914456,3.16496575003021,2.06922803642936
"144",-9.49388475107143,3.55308813349617,2.18791874898147
"145",-9.43795266811987,3.88412431380949,2.86879776231614
"146",-9.14017146535546,3.8927461172462,2.55684264545641
"147",-9.10768288204797,3.46875718840603,2.42742210028364
"148",-9.10938201789247,3.49969362583611,2.54290727385059
"149",-9.17063683398406,3.40739082842956,2.49663655598952
"150",-9.15772595779375,3.23222594715106,2.90154687845592
"151",-9.16236032412975,3.24810234219796,2.85381939067768
"152",-9.2609232799438,3.06135662230909,3.62447293860187
"153",-9.297941484416,3.01308843937197,4.129527489415
"154",-9.27111587512094,2.91498805651201,4.24498275593667
"155",-9.17452280011331,2.96388073893027,4.18818259209499
"156",-9.3203456898041,3.02517729034388,4.7465672187413
"157",-9.47666991387801,2.68045282396328,5.14161863398662
"158",-9.33313332924162,2.2063246768515,4.98645198327615
"159",-9.34717412885471,2.03870146678821,4.82063112900746
"160",-9.22160279867853,1.95171472530274,3.86051948721751
"161",-9.41782979122983,1.4915926420945,4.58447724183548
"162",-9.48420478260062,1.21582675665041,4.49125610553245
"163",-9.78240575924472,0.318342159476827,4.83144761392096
"164",-9.85148331335561,0.445900594154287,4.45357896815118
"165",-9.68556139584893,0.250949491993013,4.08216875547058
"166",-9.23399497611083,0.493503558147917,2.9233295465825
"167",-9.25761755682476,0.273576860061942,2.92601965203966
"168",-9.16673992555284,0.200110240747245,1.9662821826821
"169",-9.1778454739872,0.221477894776346,1.54190790320229
"170",-9.12324257757309,0.341465158987953,1.91101156132207
"171",-9.10067733501192,0.182829382648858,1.78672573566589
"172",-9.45740491930174,-0.352606615877189,1.23827106118605
"173",-9.24333792177757,-0.577357688733679,1.11728076326763
"174",-9.4205104159189,-0.906891553660355,1.2399236890716
"175",-9.3990364537868,-1.50103661606505,0.675051698073455
"176",-9.19699234101986,-1.20245974312489,-0.433715145139454
"177",-9.1921014850512,-1.07219089188949,-1.26377229506005
"178",-8.81266272826615,-0.920557491402773,-2.07930277980051
"179",-8.76157240723796,-1.00683453330091,-3.11859968618959
"180",-8.67858381387686,-0.335607445347574,-4.04264981186615
"181",-8.26174929115369,-0.211242515335083,-5.35983154912608
"182",-7.99947572100829,0.358335230224391,-6.10149106149635
"183",-7.88315955573207,0.448334760691539,-6.6393638012153
"184",-7.78934578725476,0.640009300347091,-6.37729316667291
"185",-7.73571835716077,0.664877198210973,-6.01373878534672
"186",-7.63082513278387,0.485179527806828,-5.74662251807047
"187",-7.80614830079961,0.467280805709802,-4.80187090244841
"188",-7.70505748942325,0.387848560367341,-4.76853445505099
"189",-7.66107357324879,0.319599539678692,-4.51812042481262
"190",-7.61448320809057,0.415652129826927,-4.18315241572051
"191",-7.44108606712066,0.769438557765317,-4.22842297144592
"192",-7.31462399957377,0.83070491951967,-4.13613307231601
"193",-7.12120121124825,0.84473244522947,-3.4955575770082
"194",-7.21153583831258,1.01934860470619,-2.90396949278425
"195",-7.22975530134103,1.0228932281441,-3.15262650170217
"196",-7.26145228866984,0.724003148881113,-3.48491144430812
"197",-7.20434157838128,0.575021450216558,-2.68500558162482
"198",-7.18640443832361,0.499860713154805,-2.80120733004146
"199",-7.08874763294855,0.422668692637881,-2.86402641145959
"200",-7.19966275454336,0.388393081552809,-2.28292657026492
"201",-7.29621707165842,0.362855928068235,-1.38694116512087
"202",-7.19571707011348,0.366718890838929,-1.80779322550916
"203",-7.12077943947355,0.362927206498768,-1.43764175341252
"204",-7.04725932437311,0.423129360807592,-1.03193944964768
"205",-6.94888278981089,0.0764190818234073,-2.00805299003653
"206",-6.97070309494728,0.0470636881876811,-0.627344837707979
"207",-7.19798729661602,0.268879019080151,0.166511235276265
"208",-7.05418798912614,0.178761087779208,-0.0229486049557589
"209",-7.18210968164824,0.0197480043682313,0.522245985042189
"210",-7.21258712910363,-0.095217718032417,0.616178346863314
"211",-7.19921916768969,-0.164121977742256,0.907953546426159
"212",-7.28749926288959,-0.419678528350503,1.19536970469317
"213",-7.25912000016946,-0.590301328627837,0.826779591395329
"214",-7.36105888480695,-0.649356107784708,1.40705313724076
"215",-7.32661658344066,-0.817714972240605,1.52465823835185
"216",-7.31941598938562,-0.692812842908391,1.9419791459418
"217",-7.42104122086709,-1.06765554056264,0.483548496006435
"218",-7.25058053441092,-1.12886128319705,0.909869555086454
"219",-7.19568302771229,-1.11078188720474,1.9424886827988
"220",-7.3173737520863,-1.16035360336197,2.72352104954742
"221",-7.25649448591492,-1.51334269370785,2.17413132643862
"222",-7.29869953310747,-1.55817100455885,2.91179491503989
"223",-7.34213417089677,-1.69824621303509,2.34013692639595
"224",-7.1985783412274,-1.80667165738962,2.22559433084091
"225",-7.28049831417302,-2.00153295720962,2.48558784501053
"226",-7.28907627297141,-2.25562069317019,2.76880043916149
"227",-7.55439336058386,-2.52999765256967,3.20072757868555
"228",-7.60885216333479,-2.75047424182751,3.18504295755819
"229",-7.25431193050422,-2.82800400637907,1.18359184843158
"230",-7.13099288638954,-3.03624295806473,1.08435237500975
"231",-7.1836505602326,-3.12910342865487,2.35452641497865
"232",-7.55380957585514,-3.28221986956657,1.23993588356387
"233",-7.37162722213711,-3.21418158156672,2.4313471029824
"234",-7.34569104239653,-3.34887820731596,2.49117099819369
"235",-7.26485274444795,-3.46712048554578,1.85093251000568
"236",-7.29649988862061,-3.76239084019449,1.9003454046961
"237",-7.40884461886936,-3.67160149056091,2.25006404610688
"238",-7.67463661478147,-4.93064062877753,1.90880391234449
"239",-7.51006023610528,-4.48257878594008,0.520454345738189
"240",-7.53042702752154,-5.07177735405753,0.790961905193288
"241",-7.37009078802695,-5.40626123574571,0.15837939683437
"242",-7.30479836445143,-5.63981671741347,-0.599098584195464
"243",-7.88124129062283,-6.90475792188446,-1.16578181448943
"244",-7.80075643509291,-7.48388040374003,-1.52326623888268
"245",-6.49842137807864,-5.16458069205458,-4.23544303673976
"246",-6.24897543275563,-4.31481277420564,-3.61648161919504
"247",-6.16876520477918,-4.12462961119499,-3.50131460959545
"248",-6.3347544935826,-4.26658348131746,-2.81740770133723
"249",-6.59073441975021,-4.56525892834995,-1.99440786530535
"250",-6.79296196334254,-5.48588850793384,-1.39488640896143
"251",-7.33814009317132,-6.77340576688127,-0.365344769937512
"252",-7.81696494359318,-7.91472559745094,0.342370555311667
"253",-7.7631337519915,-8.52020340663405,0.547020093633488
"254",-7.14946707646442,-7.14639947164642,-1.87366627046346
"255",-6.87379938921255,-6.68791485931551,-1.97759518825102
"256",-7.01717342524966,-7.08101023508564,-1.44311777952055
"257",-7.46522240653348,-8.3146520456898,-1.25594536814289
"258",-7.46446268269149,-9.05720956857889,-1.53530386257112
"259",-7.48686067720507,-8.90363810023145,-1.91445279000395
"260",-7.19063008946161,-8.29059969743961,-3.15785611178876
"261",-6.95412334255193,-7.69544001901515,-4.67356322459358
"262",-6.72545398991355,-7.58095726076678,-5.31600094688101
"263",-6.17384450922638,-7.1579128136485,-5.75123353927968
"264",-6.13409206665229,-6.69512798409913,-6.3375892539974
"265",-6.71682344206616,-7.54508621579403,-7.46161699110989
"266",-6.52356025115623,-7.7156229961695,-6.10585026824624
"267",-6.64036703070705,-7.83919590528034,-5.81916006133548
"268",-6.63697417870772,-7.8988484160987,-5.98265694389334
"269",-6.49428536350626,-7.64434734794864,-5.64840537232954
"270",-6.38157027360374,-7.36009534067715,-6.51888233349855
"271",-6.1274562661358,-6.7320367024966,-6.2789073449202
"272",-5.588713309426,-5.69855228273091,-7.53586425444247
"273",-5.53904202711351,-5.53301120820956,-6.85409242432175
"274",-5.33811052963774,-5.31794791117504,-6.453103450906
"275",-5.25133259959198,-5.05220279386215,-5.93724557389397
"276",-5.08163063133383,-4.97426194821703,-5.82719704170141
"277",-4.97785699662324,-4.62684738840197,-4.72839950145081
"278",-5.24179342529628,-4.3236829166594,-4.48690935376247
"279",-4.98592346639648,-4.34219237239619,-4.25727140185279
"280",-4.81283486557717,-4.38390309362067,-4.05931943451529
"281",-4.76928513557629,-4.27889672539609,-2.98617407888545
"282",-4.78228419005495,-4.3938575090728,-2.76026467666554
"283",-4.82598180695149,-4.484273493783,-2.20949768780576
"284",-4.91479366329047,-4.7038193737054,-2.13240158702288
"285",-4.6196239483106,-4.74417744656524,-2.41187735035597
"286",-4.61564066431486,-4.72053938836137,-1.80367025174082
"287",-4.63043607048905,-4.61177786455505,-1.69628448641014
"288",-4.65311269961872,-4.61614668850398,-1.8225142156962
"289",-4.7324546717181,-4.68107651829429,-0.416690061841137
"290",-4.96930892821021,-4.49178417497426,1.02846495979644
"291",-4.67668959687126,-4.91604176117312,-0.980129625760817
"292",-4.81200854896636,-5.10487575930468,-0.340560033708037
"293",-4.85076876179457,-4.95951344376192,-0.731820864402454
"294",-5.08474629305874,-5.38145540291012,-0.135989792426328
"295",-5.02134844240029,-5.54219163233652,-0.79707280585075
"296",-5.0367731305994,-5.78421365915157,-0.921804960656752
"297",-5.03948857512124,-5.46617154031184,-0.670170270319045
"298",-4.76165942386585,-4.91708492435156,-1.36087649032541
"299",-4.67286613256435,-4.65970832814434,-0.553663272939501
"300",-4.39272732794274,-4.14525123563053,-1.12987922263011
"301",-4.51148750507119,-4.33023302875445,-0.740978811491129
"302",-4.43745149815017,-4.28517821774757,-0.904415314822198
"303",-4.50757037606267,-4.23990482228761,-0.401774127002716
"304",-4.39588692011017,-4.07728051756126,-0.568677916742309
"305",-4.21762287739443,-3.97521785433676,-0.534291511591023
"306",-4.12306856483877,-3.64558059493071,-0.440819312144088
"307",-4.07179396259595,-3.90027169943119,-0.408503503299665
"308",-4.11041058651735,-3.77482652424804,0.141785895611801
"309",-4.06072028755262,-3.83895213136969,0.251500528925282
"310",-4.12682620796846,-3.68833664575791,0.259890944251846
"311",-3.90664176241707,-3.73371842655108,0.086450103699073
"312",-3.93856343598548,-3.77635288346083,1.28667765237232
"313",-4.0421203701584,-3.53623585307557,1.69018051906635
"314",-4.01919092381235,-3.42333687426098,1.04922780806546
"315",-3.93870502501932,-3.18601520322438,1.35004210818027
"316",-3.94207524059176,-2.87686577743692,1.72495006729418
"317",-3.67868715889699,-2.88397059189768,1.22926728971999
"318",-3.65462371859299,-2.80578637474164,1.20739855025125
"319",-3.55410161899601,-2.57620418575486,1.20043609385339
"320",-3.42571964968226,-2.35534378264285,1.1480710020069
"321",-3.16118898333234,-2.27226515793675,0.637342746073108
"322",-3.14906416533129,-2.34834186988601,0.565399887307489
"323",-3.13416003624223,-2.35380114124494,0.687876797107981
"324",-3.45588771436401,-2.66553377034615,2.4792595922831
"325",-3.31831805619963,-2.3118581828772,1.681511577709
"326",-3.0009062594058,-2.01319226095727,1.79535857707593
"327",-2.9934958132724,-2.014288130582,1.62536359885519
"328",-2.93128438406468,-2.17542695887982,0.903352947325268
"329",-2.897765694861,-2.42456545591706,0.871177415475692
"330",-2.79490660519774,-2.37798777942255,0.858702081789411
"331",-2.67370157539235,-2.39495818980817,0.894975747470373
"332",-2.63584973896933,-2.57102066081852,0.937913136589156
"333",-2.85906202720165,-2.82469208924605,1.07415085901903
"334",-2.66284865524861,-2.82547590825589,0.600110411169418
"335",-2.71813231615429,-2.57503282898605,0.999682067935699
"336",-2.52729907772668,-2.57793288321095,0.161070408169542
"337",-2.45274939809549,-2.73094788800956,-0.182553942310239
"338",-2.4520048473028,-2.58457918272817,0.734157526626947
"339",-2.57788885903181,-2.47618122681023,1.17507472088946
"340",-2.53755305472595,-2.75794387850389,1.18210372034007
"341",-2.43948097788652,-2.95047376606536,0.748484567813725
"342",-2.52628177030756,-3.07138827035383,1.27587784601424
"343",-2.54390483398527,-3.16145256027581,1.11090076151127
"344",-2.58004119112229,-3.4552514376921,1.06712666829812
"345",-2.59263976299686,-3.57192978948413,1.29207398216229
"346",-2.52757102108049,-3.52845067635113,1.91218067334926
"347",-2.58216852700563,-3.53672589956324,1.90976464924798
"348",-2.70923245332852,-3.59486604998008,2.00060863849003
"349",-2.73929949827382,-3.82969023762438,2.15737340481063
"350",-2.63424682490509,-3.98130018906902,1.66801335499016
"351",-2.60668569982121,-4.1874293941093,1.41615946887746
"352",-2.56359916843178,-4.16874620928191,1.57104326625759
"353",-2.56284276703316,-4.30229734538763,1.53254473403521
"354",-2.51207218335501,-4.30149563019139,1.576452094955
"355",-2.48713735074297,-4.05349147773896,1.59028956406061
"356",-2.33473321182899,-3.96315159808177,1.34747505383753
"357",-2.32032237183973,-3.99341256421948,1.07825948152421
"358",-2.33808755655217,-3.95440639085505,1.45406023299667
"359",-2.28779003384343,-3.85168060992624,1.12067484495697
"360",-2.15295038946823,-3.97514275700292,0.968451896720592
"361",-2.33426350849768,-3.84470497488102,2.38533072378871
"362",-2.23111577952606,-3.88142463273231,1.05720986400456
"363",-1.97829798063246,-4.00052081420475,0.514830986231336
"364",-2.01174172928654,-4.1056268204667,-0.204266906259568
"365",-1.83115344669065,-3.9986263567226,-0.359772839156935
"366",-1.74000375694627,-4.06159992483677,-0.139348486344648
"367",-1.70981956710838,-4.0600621803355,-0.442617959110968
"368",-1.63586270948136,-4.18269669170509,-0.864563432400487
"369",-1.51485578225922,-4.32966852771899,-1.27960421156316
"370",-1.510451720233,-4.26656009855205,-1.86902832022576
"371",-1.58652838852913,-4.09430467514925,-1.87766796944424
"372",-1.36533685120802,-3.78616448848881,-2.58900811126907
"373",-1.18403392327015,-3.82517963076201,-3.41159993256894
"374",-1.19963935705477,-3.52453380772045,-3.22612493517754
"375",-1.17113863580901,-3.48672917356144,-3.49501931097068
"376",-1.08073706004412,-3.30878526245624,-3.21475502679914
"377",-0.984606304051176,-3.392611560467,-3.07689909200884
"378",-0.919752259327737,-3.2714978161897,-2.92016952415903
"379",-0.833623311129622,-3.2702699027774,-2.76823504288455
"380",-0.784905339153595,-3.18529366731204,-2.81906284767236
"381",-0.659650995002116,-3.11695024265399,-2.80983776550996
"382",-0.653944325218855,-2.99000723833218,-2.72964865424207
"383",-0.479981249297013,-2.82553454757096,-2.82407940559929
"384",-0.444804167299021,-2.6214638726564,-2.85072800503839
"385",-0.408633835846699,-2.40359689638954,-2.70244229205326
"386",-0.386454467160075,-2.42610973297311,-2.38254324324334
"387",-0.282817166941085,-2.42632739064048,-2.53238613768147
"388",0.00477841137256973,-2.3053502846544,-3.00485072580517
"389",0.00620097185039088,-2.42753935279102,-2.65873387943426
"390",0.0768958793595623,-2.4618264626465,-3.00424966314121
"391",0.226813038760852,-2.18196351183863,-2.91408637736392
"392",0.151849122511033,-2.16691376160312,-2.59017501248149
"393",0.255086014218184,-2.20290601051575,-2.65186132899169
"394",0.367707112483898,-2.13283220738692,-2.41197353670292
"395",0.395943113073447,-2.10455460003889,-2.50897595223318
"396",0.434065802572341,-1.88074330645885,-2.36026722455272
"397",0.461695706895072,-2.02122720417897,-2.07568417197182
"398",0.556059599276487,-2.07233031448879,-1.89855871373198
"399",0.578628976349841,-2.11947154269447,-2.3735495084646
"400",0.666845226864551,-2.02678905299142,-1.72361153394465
"401",0.577114500611893,-2.0384605835532,-1.73953547025875
"402",0.560446570937932,-1.99938817759865,-1.62765979741592
"403",0.633553631563613,-2.01020942926422,-1.43737722334319
"404",0.646631966068277,-1.94496712931025,-1.03951573884637
"405",0.647335814325226,-1.86250712537389,-0.593483662227383
"406",0.704323462615071,-1.8889017123226,-0.470067520308463
"407",0.717408517341729,-1.82921902697121,-0.31766568310226
"408",0.693186663273223,-1.88068776246052,0.301535447255076
"409",0.976960018451792,-2.10699422629363,-0.378888670003225
"410",0.846502290118488,-2.04492299523366,-0.610250423135989
"411",0.894294573419995,-2.01866446850152,0.35548837383179
"412",0.833868222719689,-2.15892647796776,0.21501206691418
"413",0.804389252270949,-2.26580195613637,0.605155977701066
"414",0.863409376936342,-2.47313104164184,0.449890093565238
"415",0.854461714418773,-2.47114402270075,0.452060742247591
"416",0.882928482923721,-2.61454027224386,0.619263333994481
"417",0.802195533580569,-2.76183939881523,0.825650314458351
"418",0.904698195853724,-2.57721393827397,0.809598912153768
"419",0.720842305454198,-2.84562003897295,1.06119651328081
"420",0.774200380219668,-2.78810633067404,1.34105991660698
"421",0.908739596651147,-3.05957817205866,0.951096441468968
"422",0.861310027770626,-3.27234540391462,0.961402706387121
"423",0.921622936232418,-3.27709669792404,0.758537117503697
"424",0.794271373189498,-3.49562665831936,0.522076850604131
"425",0.829302136332093,-3.35117680480812,0.872342623518767
"426",0.895790448416019,-3.33462709001853,1.17652036895342
"427",0.915016567858447,-3.32267110725284,1.4363220449146
"428",1.00713194924325,-3.28370549443604,1.46988654270859
"429",1.07101777369199,-3.30872516054793,1.62245488850946
"430",1.03972375035239,-3.12692731169826,1.63474489142878
"431",1.09607247956237,-3.24992796732347,1.86229980397065
"432",1.1574896472352,-3.11338584664337,1.84006376905881
"433",0.921715450077617,-3.41840800299804,1.37364443026963
"434",1.33515738867787,-3.00472851401592,1.95643980178131
"435",1.33340865321063,-2.98852267939628,1.5836761293031
"436",1.39232364649817,-2.9325500512655,1.77423592765236
"437",1.52728639846639,-3.09074340532411,1.69279135155103
"438",1.62302237023521,-2.92733794505009,1.78930807345278
"439",1.46655362331417,-3.08159963943035,1.80669497477967
"440",1.52469662208676,-2.80467613858395,2.10702443479511
"441",1.65446618267246,-2.88601444824994,1.91889475451315
"442",1.71385172826345,-2.83760378598887,1.68672842555935
"443",1.77828479730337,-3.00185046877689,2.17974302303961
"444",1.92946951567155,-2.84484243592913,1.93863969745454
"445",1.8561969830869,-2.97914638254373,1.68145327980992
"446",1.92092478767523,-2.82724734764223,2.45703047342461
"447",1.98655422926149,-2.99469048136893,2.44351383905501
"448",1.99212415825087,-3.02460364993487,2.45356104956255
"449",2.04415273627795,-3.03321761464238,2.44441975296597
"450",2.06312165199825,-3.05276738750142,2.5840493700934
"451",2.15853174675314,-2.88961964004561,2.72645580871909
"452",2.24238824936471,-3.04391198748732,2.7900593970013
"453",2.23771530359644,-2.98646163553096,3.32224737553835
"454",2.36748185294073,-3.03854482658854,3.40638998190603
"455",2.35298708568867,-2.93192349869848,3.57316714492619
"456",2.36059497289195,-2.89658330564146,3.6987754794763
"457",2.24823229269832,-2.98626504775616,4.06598873215589
"458",2.19957518480333,-2.87793450408951,4.37442500363133
"459",2.33679925881274,-3.09363064926586,3.96178281986055
"460",2.29642030135201,-3.01012302223936,3.81650817405569
"461",2.43808270622208,-3.02003987488898,3.95269729110024
"462",2.32973952737671,-3.06350941731522,4.11567413736781
"463",2.36040243751664,-3.01522852857453,4.31038543525793
"464",2.49998122140171,-3.1427499758142,4.45387947157118
"465",2.45887236256276,-3.11769243510081,4.20870990108543
"466",2.60488339764338,-2.90525457161255,4.80608161630874
"467",2.73514976756489,-2.61434869015104,4.56262421804048
"468",2.66773865459551,-2.41827423315323,5.23946570993835
"469",2.91618021059489,-2.57714130880543,4.93568361166834
"470",2.9473615075222,-2.57260336182017,4.72977088155693
"471",2.90426195468037,-2.60619514058019,4.72719455056869
"472",3.10347212420093,-2.63651265068457,4.2372821526257
"473",3.15352465148207,-2.54553185088942,4.4787213087751
"474",3.17791674229464,-2.53345650416305,4.25222624061851
"475",3.23803068381968,-2.70785176911936,4.60085820644565
"476",3.29394730633796,-2.72850495866925,4.60555879345496
"477",3.35177749939661,-2.88552018271697,4.27515385316923
"478",3.4322328168922,-2.73001503096948,4.42851548964745
"479",3.3681545577845,-2.77998834963547,4.86778431347021
"480",3.45714829573286,-2.76023202529461,4.9259748237693
"481",3.50295391627529,-2.82752806487114,4.89652610543675
"482",3.44610532318177,-3.07438250999903,5.17669365122966
"483",3.57400977510522,-3.20135951705539,4.76354269038538
"484",3.60101702814138,-3.12526479721483,5.13429274065067
"485",3.55562911914491,-3.43883794698849,4.38258985236927
"486",3.6811561863757,-3.52897661054904,4.67949672584266
"487",3.68968138769039,-3.42300584174366,4.4933002721075
"488",3.59908419562613,-3.53628513089382,4.39427377553343
"489",3.73211620358605,-3.51426525628647,4.53848112848906
"490",3.63945209048568,-3.43121521563061,4.65505879593862
"491",3.64625948318241,-3.58480979449891,4.57156049633279
"492",3.60359240204838,-3.59966726553582,4.19699748369525
"493",3.78361529925236,-3.63017214384567,4.59263343114907
"494",3.74758594424317,-3.38370089501817,4.17106528309914
"495",3.75976230431157,-3.38487198004563,4.01684276404717
"496",3.81990060642375,-3.24754491064542,3.69584030965186
"497",4.04334293836273,-2.89553261471189,3.32795772387069
"498",4.05152546910533,-2.79790734735553,3.07623410111929
"499",4.10639004090334,-2.50603117146751,3.05947245237195
"500",4.12313202245336,-2.62304506413489,2.49660413710468
"501",4.25736789525717,-2.48852811071152,1.99541475858846
"502",4.431267572913,-2.313903821824,1.48693643225654
"503",4.50812958062299,-1.94980743703373,1.67409411886858
"504",4.62132663162275,-1.78064423166602,1.38155788462929
"505",4.67056718501426,-1.6878832096763,1.67645578270361
"506",4.59176174576115,-1.57841130624586,2.23671456681181
"507",4.94840838850142,-1.61431289013682,1.5480452887641
"508",5.19776618342625,-1.64720835303612,1.32828467867009
"509",5.04216445403617,-1.48726983617033,1.89356165104279
"510",5.10240446695523,-1.3837301021271,2.00483035294058
"511",5.05588193273052,-1.49464852185024,1.79371939426976
"512",5.17246610026773,-1.42910625045544,1.84209474849001
"513",4.99951776253846,-1.320655190809,2.50329168966291
"514",5.11437614109716,-1.44226730652517,2.07000301802671
"515",5.29381726947488,-1.32237738979421,2.00131674777495
"516",5.25965835452145,-1.1333918073859,2.22955074896879
"517",5.32725506963939,-1.15001927293658,2.2608845171494
"518",5.48948490102633,-1.22531444752878,1.71317794677827
"519",5.49431960824113,-1.0643393591643,1.70268777264774
"520",5.37436200984057,-1.00422544446908,1.44220157644903
"521",5.38360747878199,-0.832251389254355,1.91750895480405
"522",5.46138114608887,-0.712919163445385,2.27393190648403
"523",5.48548285411488,-0.576712339967681,2.08801721966707
"524",5.57074344961076,-0.660831615596268,2.06882043315215
"525",5.65531460485388,-0.527664633413336,2.44591166773969
"526",5.70228811580473,-0.486793822674423,2.70397447611874
"527",5.7304399841811,-0.297487690423273,3.03381481313927
"528",5.81521730290769,-0.312936891868751,3.05487150936485
"529",6.02734662067767,-0.337046970096757,2.74407658581816
"530",6.12641311474024,-0.216972733190341,2.82755725726541
"531",6.05242638758795,-0.28158905928938,3.3979669310205
"532",5.96841278564269,-0.4727578801211,3.19374253339654
"533",6.14741885744029,-0.528125027561757,3.41710894914747
"534",6.14839053773388,-0.48437556736736,2.52057349921477
"535",6.02796025920573,-0.605537572773704,3.4496860894271
"536",5.98644316487742,-0.591143125784597,3.48138309146574
"537",6.09993439923416,-0.625656608558161,3.37483315340932
"538",6.15434800520599,-0.748152380001601,3.78993276022882
"539",6.23967721213462,-0.717712604323564,3.06286213340974
"540",6.1673444127257,-0.824810003311973,4.01339139217549
"541",6.18840747478418,-0.918597731539702,4.18957848409887
"542",6.08595347715669,-0.941288879970447,4.6073170013389
"543",6.25593752450361,-0.946068502723917,3.55601850219915
"544",6.21482885597043,-1.11096846438243,4.29523961180034
"545",6.11987665135304,-1.23328187038949,4.2792502194515
"546",6.21766665060176,-1.17048302213403,4.6531055393551
"547",6.19919725688826,-1.24747522324123,4.76331507465917
"548",6.26755392676333,-1.32666295495884,4.96514796840459
"549",6.33373896623069,-1.42664357785722,5.12411806461864
"550",6.52128870379342,-1.52632273195137,4.78100026898034
"551",6.40723531519773,-1.62336745223514,5.27340199789873
"552",6.60548452862735,-1.65823136840661,4.66530954285004
"553",6.41894917503697,-1.54616886527883,5.85464688048152
"554",6.45528602412708,-1.71927302580647,5.34182658728192
"555",6.62945185385027,-1.81428822389132,4.98762212588831
"556",6.77605764945175,-1.9413899940583,4.37308001442539
"557",6.80054250121814,-2.07124125219211,4.31229286119736
"558",6.87383795030491,-2.08005983107237,4.05825907946467
"559",6.95597154919858,-2.22938265746529,3.64118990641314
"560",7.09625328423284,-2.16102942100329,3.48837384971395
"561",6.99636977876067,-2.11165690736912,3.50983458724072
"562",7.03941992349773,-2.05180665788685,2.95157984769054
"563",7.11457723068358,-2.01767389506008,2.95366531925769
"564",7.18548861236294,-1.95400864481566,3.63032241570861
"565",7.14398950514817,-2.01927736363904,2.90381933283787
"566",7.39472593788753,-2.25265446071453,2.84416891326622
"567",7.52126316839134,-1.99561843893808,3.30000054408574
"568",7.63350345565182,-2.01262502397831,2.82280674622468
"569",7.68760407567494,-1.98940551138711,2.64040718666614
"570",7.76473887722911,-1.98489138636954,2.44286036097756
"571",7.83623913177033,-1.96689945496877,1.99788912923731
"572",7.98238956268514,-1.85679664634062,1.76985873955845
"573",8.19570877829577,-1.7109634575793,1.33410832841669
"574",8.21251937056876,-1.58599242571817,1.13647612766882
"575",8.51093290595881,-1.48829602625649,1.05230789660792
"576",8.67366088821783,-1.50271733793284,0.222866687161896
"577",8.78346198235182,-1.55746760732282,0.251302592435655
"578",9.03792807733856,-1.24732643903214,-0.415010053619467
"579",9.32118241263338,-1.15278242831987,-0.987789163239982
"580",9.37806169765578,-0.812819908998741,-1.15513108268878
"581",9.42844371517239,-0.980941063957055,-1.82086875904271
"582",9.21159165514811,-0.492033094446505,-1.34354769104468
"583",9.5320682264059,-0.851548382315205,-2.60543393179331
"584",9.39551552681686,-1.00232146613762,-3.15105109630321
"585",9.12787202104192,-0.670438357786476,-3.84954788617009
"586",9.15152328269243,-0.549579821342873,-4.8287762007074
"587",8.85616909575454,-0.728013773742555,-5.87054985594827
"588",8.77108398991713,-0.414196010583519,-6.55474569261405
"589",8.69855069110686,-0.44977550492675,-7.22669309391246
"590",8.57110835985014,-0.630900882064655,-7.33784421738176
"591",8.49734677495543,-0.650168672985559,-8.18987552941279
"592",8.71084529524385,-0.409901644916205,-8.37047507541825
"593",8.84340628420687,-0.28576615678422,-8.42094157227543
"594",8.99774153849226,-0.00178749798398574,-8.31828295375349
"595",9.18271389360569,0.293664579943854,-7.9853216201672
"596",9.49030139784555,0.545040467685757,-7.85948460030373
"597",9.73948924990312,0.735858057027559,-7.81928713646406
"598",10.0852747647037,0.790682397763799,-8.0244163089505
"599",10.2774923643668,1.18207911671579,-7.55087298977738
"600",10.3148681477931,1.16691499631775,-7.53564491711807
"601",10.4653714007066,1.04215933201285,-7.46173584325337
"602",10.1960250782737,0.924205215061247,-7.62327309525277
"603",10.4628047700476,0.964527546987777,-7.41005958969257
"604",10.4999034048355,1.08576962562112,-7.25353263108965
"605",10.539457143048,0.997472153840609,-7.27072317366265
"606",10.3997423213524,0.962700779048718,-7.48559196920297
"607",10.4013939442556,0.923709337090242,-7.28204462767505
"608",10.4379548448071,0.889703443920877,-7.03151990364189
"609",10.4971871103333,0.855308934097552,-6.9935634704961
"610",10.5820027590292,0.968559838185527,-7.08074720982475
"611",10.6570696878965,0.798105583763895,-7.27244028959825
"612",10.9071411702881,1.0115179514326,-7.03888450927096
"613",10.9224004441278,1.00188048492832,-7.08361810345228
"614",11.2321279677856,1.15526059581253,-7.17780828576391
"615",11.3794453730166,1.16760207472446,-6.9557941694237
"616",11.4471390018446,1.11143363721204,-7.15766333264554
"617",11.4754870104601,1.23711599576043,-6.88372279519684
"618",11.4356198934052,1.08793033082798,-6.8542125989784
"619",11.5804255420521,1.25391746977739,-6.72420717546336
"620",11.5465136445637,1.15897153351464,-6.56405571438903
"621",11.5298076481621,1.19866333196793,-6.39223038821178
"622",11.5057187489289,1.22016264656552,-6.20107334376145
"623",11.4576807140253,1.39484569720968,-5.75044100199611
"624",11.4985926294525,1.3563917208437,-5.69627146608332
"625",11.667244345547,1.48430025852023,-5.43595635455934
"626",11.7118888753767,1.44247807938154,-5.32544041668825
"627",11.6130376459788,1.36818625402199,-5.21707257993356
"628",11.6369038843025,1.38821406739302,-5.17573459036535
"629",11.6223129291997,1.328293502653,-5.13482664340157
"630",11.5327901284365,1.29816554318487,-4.94061045355406
"631",11.5482390210866,1.40382244074274,-4.77704417303228
"632",11.5601270403303,1.37476617666191,-4.8962071884412
"633",11.6129384205592,1.45164178803621,-4.31143258447299
"634",11.6338989435431,1.39881951429266,-4.24542980430341
"635",11.6592421327273,1.38753628087082,-4.27575959547918
"636",11.6356653205638,1.39284732627683,-3.77479682990989
"637",11.7495057479205,1.35932386114053,-4.12337218366849
"638",11.904996553791,1.45077916358629,-3.60670869293403
"639",11.9160096169485,1.60535519987092,-3.49015568375569
"640",11.9128480780298,1.65730469503578,-3.65060311143121
"641",11.9389581232872,1.68609176237971,-3.47764426239128
"642",12.0674099369551,1.58983817278906,-3.93859094994385
"643",11.9816048193493,1.76739191124833,-3.73126848314341
"644",12.1068889150998,1.82418969079798,-3.60194160722296
"645",12.2105650721201,1.73963981043801,-3.72389931915367
"646",12.1394848058998,1.720844912653,-3.34486123123303
"647",12.2184911289384,1.92703904725467,-2.81281323140754
"648",12.3143453925663,1.8866920527814,-3.00365125039245
"649",12.2367930308092,1.88800193607544,-3.32961865942231
"650",12.3953524253628,1.87563551492455,-3.1440297770514
"651",12.4900646759213,2.05021178760109,-2.59151538157379
"652",12.4301585074667,2.07761491896893,-2.22614270962579
"653",12.5293602707903,2.05238818699672,-2.35150950003923
"654",12.5289758756656,2.20830156646732,-2.28148637318732
"655",12.579650937575,2.14018286955923,-1.8302521548308
"656",12.5241726815808,2.19414730507823,-2.00192981696047
"657",12.5406772589952,2.2343421005831,-1.76580533612831
"658",12.442979171649,2.17249073269599,-1.51092104036859
"659",12.4369156866536,2.14833795484284,-1.57085492476986
"660",12.3389890262873,2.24088579465325,-1.20696030940693
"661",12.1909762097156,2.28114237759968,-1.0816069636911
"662",12.3142985439399,2.08600879642575,-1.33141851168094
"663",12.2016466245363,2.23224907700243,-1.24507766458222
"664",11.9554263797537,2.40094998624583,-0.421051378448608
"665",11.9428183020069,2.48887397141153,-0.488556850482031
"666",11.7939453515536,2.5763699739551,0.168698211203452
"667",12.1034272535132,2.23533722832388,-0.337277648500532
"668",12.0860129732511,2.36613290160589,-0.327839150065265
"669",11.9445998351663,2.26151011579527,-0.160645401845927
"670",12.0666664031996,2.42350557818643,-0.392116834624309
"671",11.9393120081666,2.37389869490235,-0.0270070164867305
"672",11.6549664027697,2.35894321914892,-0.0276127555710508
"673",11.7953406411194,2.17266095616556,0.0682521654258335
"674",11.7373436133141,2.1501463198293,0.291866724896039
"675",11.8350133892275,2.30682778548866,-0.128386164481298
"676",11.9345634008829,2.24833047458333,0.0857905119134925
"677",11.9672233613581,2.33578910413939,0.308089443745221
"678",12.0517646437213,2.34622683870208,0.485212258394649
"679",12.1352403627489,2.47332594834075,0.789564280649003
"680",12.1358036615614,2.46131532593836,0.526153606501936
"681",12.1923318402113,2.29731778114481,0.538796560353406
"682",12.0869767712942,2.30808239060176,1.00979020152971
"683",12.1369922299744,2.25669133871776,0.573645179480856
"684",12.2050027893108,2.16441931618666,0.85625428791243
"685",12.1669362468384,2.24357208206091,0.758348634990069
"686",12.2051284934834,2.22282153231511,0.986829737216283
"687",12.2415076586932,2.18277461194882,0.986317644491724
"688",12.3456124132941,2.14276471317183,1.17904048873972
"689",12.3613249967172,2.17374303868979,1.06243011698686
"690",12.222697228012,2.17896937411016,1.85824550925578
"691",12.268657761568,2.22781729548139,1.38975917660551
"692",12.3501423847442,2.16399810177158,1.46458532488305
"693",12.3622900888315,2.27528474548171,1.40270907410218
"694",12.444380754181,2.31346467627312,1.9566578458013
"695",12.6353948945234,2.17404387052099,1.8172212885141
"696",12.5694774839069,2.18221800130534,1.80948784210446
"697",12.6538525909889,2.09076475204496,2.03883591675441
"698",12.6036446802483,2.09735709174656,2.22593374047024
"699",12.5968911373735,2.06454416627116,2.60101379159191
"700",12.8084384694338,1.86846341008361,2.52219650273084
"701",12.5447637460109,2.06073055455718,2.71654325675787
"702",12.7642232063783,1.76500044355106,2.37899213176967
"703",12.7540159494526,1.90322815456644,2.47443473128226
"704",12.7312149432585,1.7240965968986,2.55586758941605
"705",12.7276574572112,1.79466139561034,2.53809336102141
"706",12.7358637396986,1.56144843768765,2.42115591264219
"707",12.6357418503637,1.4634824893235,2.3903174383259
"708",12.6256989670982,1.37282969612552,2.15959333441962
"709",12.3959350414914,1.30132337363556,2.49273619829159
"710",12.4164238463159,1.287468425166,2.26809954145724
"711",12.5480001405285,1.30860536052025,2.62391403361757
"712",12.3756895777885,1.48390534682772,2.86794596513449
"713",12.4555625388511,1.31318029179226,2.87608053646676
"714",12.4148592376769,1.53580919591837,2.94111524718408
"715",12.424261728404,1.3780931014902,2.99978653003354
"716",12.3538459362782,1.62519538638619,3.59807167430681
"717",12.4992015355029,1.72372231218507,3.35718033127944
"718",12.4835191049316,1.86170225283298,3.45381734844196
"719",12.5648773084722,1.96283689116664,3.32924391059546
"720",12.4844354595446,2.03930718665254,3.52523313412778
"721",12.4255021812507,2.27100233593153,3.90846563305611
"722",12.5894208924664,2.02012512708652,3.97190252727199
"723",12.5288577828687,0.856021937623931,-0.120757230814359
"724",12.8637621504054,-0.252427215487107,-5.94960276557621
"725",13.3258470960172,1.0422081944826,-2.96478292337015
"726",13.6099645632509,1.79883812540237,-0.605449961559415
"727",13.8813835109722,2.78623293792205,0.360462182019279
"728",13.8872797871734,2.9003577203127,0.949921562405017
"729",14.0740600669327,3.01554627590792,1.48294326804115
"730",14.1048024368912,3.29996444925148,1.83515153867178
"731",14.3496792354552,3.08193391058767,2.18428140912002
"732",14.6266695636633,3.47799331889524,2.68603619394835
"733",14.8630713711586,3.58375165933593,1.88999401079295
"734",15.2697496819643,3.55990119382447,2.87922490134049
"735",15.5965490323943,3.80138272260618,2.6493380364051
"736",15.7116440352891,4.01429397712701,3.03222012063036
"737",15.933452570879,3.89951479734017,2.96181418954995
"738",16.1316015495927,3.86744843601191,3.43968481717
"739",16.088995269363,4.09093331352789,3.84164446094687
"740",16.2266449779228,4.12485057352572,3.83937894347075
"741",16.2622674747689,4.06334947786857,4.23718783681555
"742",16.4515125829518,4.20905549200605,4.95014000058876
"743",16.1547558663463,4.50362488819973,5.95627701160477
"744",16.41351533549,3.70623513866489,5.24645820320699
"745",16.6396538947184,3.8214036299689,5.70017408357272
"746",16.5847365213131,3.8805728890316,5.79313263490218
"747",16.6586092586612,3.47946071377605,5.51342018692534
"748",16.5503861180666,3.07376494894875,4.64730813589576
"749",16.4409772074012,2.70997765832204,4.48725365028545
"750",16.2240519709442,2.78005400817471,4.5686848774291
"751",16.1149039917209,2.32085929555154,4.48018891455731
"752",15.8903396581482,2.10989286155124,4.62416344170081
"753",15.8323184237921,1.62107366512461,4.19080668652631
