"","Comp.1","Comp.2","Comp.3","Comp.4","Comp.5"
"1",22.4382964937225,-11.4898285921236,-2.66756058639323,-9.65896943451691,18.7628968050684
"2",9.22603532959539,-6.91627391446045,7.25724198773686,-6.62206816607121,10.421509289563
"3",8.03000422834526,-7.82769037940713,10.4287227259185,-8.11779576602009,8.65304704607655
"4",8.38429706806666,-6.03766968319333,8.45184785685032,-8.72152920291906,7.71227995585016
"5",-3.9003340265867,1.74593038468594,14.1484297015414,-6.47095519667577,-3.58834848382685
"6",-0.357756808538457,1.34159823619312,10.9746014877036,-8.65286226625914,-2.18763248417899
"7",3.29477366643515,-3.04545758693338,9.88607643537079,-6.35171039414815,4.62282525862205
"8",1.48900799023956,-1.4454510798379,11.4362326074563,-7.61742839642946,1.03332759774063
"9",8.17828832192262,-5.58490682613295,6.96686894640001,-7.11895216850653,8.99866845234374
"10",-0.131003252970522,0.504673919892792,11.747110735773,-8.49836909638198,-2.82039095757975
"11",1.10970520173955,0.207164680743061,9.89751386494369,-6.50577414865931,-0.132022931456366
"12",8.54653292707783,-5.0980309528179,5.31632642862401,-4.95705815730827,9.43794824851717
"13",9.92372111567655,-5.42357051537621,4.47605161837701,-6.44102338331237,8.66380472059679
"14",16.480001031301,-8.71185406491125,-0.0512601970993329,-7.6276359555612,15.4129497526142
"15",12.3053065238682,-6.30291178613651,2.79069614995042,-6.85178684413574,10.326493933807
"16",10.6907864720546,-4.68874067310676,4.04459545747467,-8.53570757571085,7.51460481089791
"17",15.8424834639598,-7.6717798091072,0.755551490257835,-8.38088870233041,13.7410518377257
"18",15.0351004767788,-7.28678126092976,1.44724301823631,-8.34171961545382,13.1203826278302
"19",26.1328870877091,-13.7145518345433,-5.93542710935418,-8.78570357677504,24.9498956825515
"20",12.2376743136652,-5.61383249827567,3.45136943299263,-9.37998844002016,8.51065753745062
"21",22.6935345067811,-11.6257596791078,-3.55851519175667,-9.10751109533127,19.9027655855781
"22",15.0549865111283,-7.31073179814201,1.56370852058938,-9.33310160778841,11.9543437109271
"23",15.2510830980082,-7.58686340482541,1.17137088224047,-8.15861322933067,13.5491939226699
"24",30.8092688532994,-16.7720106970815,-9.01296409659638,-8.70613167085367,30.6716945281169
"25",12.0307458288782,-5.48473136200173,3.50120417083894,-9.15014920674068,9.39792409272033
"26",20.785310568467,-10.2223987153321,-2.46029085990515,-9.8105688211892,18.7097961031347
"27",17.5082711546452,-8.77145355856149,0.177683488082767,-8.54825894984948,15.5228215769921
"28",22.7176635154364,-12.2584225968731,-2.96124308988785,-8.91301727747444,20.7143250237709
"29",11.8703177778895,-5.14297962497501,3.74198926824906,-9.58198820524875,8.28618455632506
"30",22.735654635604,-12.0629982216514,-3.43131235375032,-9.44244752550946,20.7986770285825
"31",15.7760765863457,-7.01940148809659,0.879626503052658,-10.2747231735012,12.0161993423095
"32",17.0815525379447,-8.82787059345933,0.466315021372256,-9.05173519856183,14.4562041214752
"33",15.5361439744291,-7.84992584048346,1.48460481938761,-8.97129022433266,13.610915227486
"34",0.735287627992528,-0.31739540353931,11.9585004129279,-7.28532769811266,-1.210984781629
"35",17.8107414954904,-9.82352824740949,0.446185025037579,-8.70369372294993,17.0954054937427
"36",6.99442609774097,-3.68848064714442,7.0314696568515,-7.13919818999843,6.23802683601729
"37",22.4364183511914,-11.5477686968709,-4.07524330942319,-8.56912486877833,21.5167306851928
"38",3.40125187981741,-0.711057232794287,9.06044136823417,-8.15619376784094,0.635328480660311
"39",12.9962222268998,-5.97578519180128,2.46255262092547,-9.34225221840146,10.1049607829583
"40",19.5621674890027,-9.07747055214081,-2.00901038976546,-10.0157505276234,16.0945775677741
"41",3.08853987119615,-0.450071909172702,9.05623763421427,-8.25593569115617,0.880530453536798
"42",17.3052161943206,-8.99553162765529,-0.338736460296731,-8.14298890416083,16.5724751695848
"43",10.0599826990237,-4.69975203672581,4.77148067866752,-7.87674865310511,8.86398531219527
"44",9.35852822428037,-4.57378390483821,5.42024831266296,-8.87744681598655,7.01250208627736
"45",12.7278840569997,-6.28772753327352,3.27261779350866,-9.05019363089788,10.2362477121809
"46",16.7269979220731,-8.6242558881013,0.605844875167578,-8.95989518188246,14.7735559270266
"47",6.42627701758384,-3.15728813826646,7.59318354818339,-8.47468526690744,4.10940318435852
"48",16.3577046574346,-8.6554999811152,1.10679275647635,-8.4417521275067,15.149271351207
"49",3.47603966913309,-1.96961155718254,10.5396520499688,-7.66051449291994,1.63067099691098
"50",10.7263874145689,-5.95364018842689,5.69397180253678,-8.31711897913304,8.61466256958698
"51",9.79420450375462,-5.65704441573987,6.20811351228259,-7.93201636940864,8.38741553645408
"52",8.38464117842956,-5.55240046693722,7.36276027675305,-6.84950143878208,7.99124823886441
"53",12.0512654003112,-7.42586568122471,4.89719241194742,-7.23494917334649,11.1453713331191
"54",6.35529446392873,-3.47280875876353,8.31473625431848,-8.64691931469004,3.52344192860396
"55",28.5153953223851,-15.7292968267516,-6.45983557474045,-9.34338374613434,27.6630558338109
"56",-1.25649582496646,0.593438787055762,13.450256514787,-7.20540759673107,-3.4610654843252
"57",13.6145381281088,-7.79641934146221,3.16772962146262,-8.08778505464953,12.434879425997
"58",14.1137487642631,-7.66399203425777,2.53950830693161,-8.10559806571656,12.2918336509763
"59",9.81470826176131,-4.83219516493299,5.4958494867189,-8.17006059474294,7.42597295903177
"60",23.5603784910221,-13.1934731555805,-3.65457372816074,-8.68245576189043,22.7681314782604
"61",-5.27876929167551,2.38222065129502,16.8561892138039,-7.35930262434775,-8.37192480159665
"62",7.14011592896012,-4.31775893973661,8.0413228031023,-7.98861574683108,5.54334295963818
"63",28.2717753887965,-15.5650379960351,-6.54255475028978,-8.7485051989992,27.0245920464326
"64",23.5785950723706,-13.0670799725075,-3.3597608143133,-8.79050632818917,22.5321824378648
"65",8.56333557820771,-4.03776165380135,6.4087416402161,-8.62689597774233,4.99035268493711
"66",19.73174413047,-10.5398964769718,-1.1881497654613,-8.83163176749698,17.2989693289885
"67",9.96988060134029,-5.09194211441313,5.34457112747473,-8.12583730608683,7.98732686100398
"68",11.8894899273985,-5.86341928959453,3.95424903999682,-8.63987840329378,9.88686778188434
"69",26.1081166091541,-13.7708840878733,-5.74999599883895,-9.3408230668901,24.4392360797514
"70",9.26322323885294,-4.12676975292436,5.62656120392663,-9.05638131213453,5.38484184473286
"71",14.5909954530986,-7.64894526626195,1.65405529943272,-6.86321364612413,11.8386272443217
"72",13.5786610143785,-7.84114910479832,2.28871622017092,-4.97949761042324,12.3647276441328
"73",-4.30416770089378,3.67623085367669,14.2076994214646,-6.54870658565525,-8.7097775633275
"74",2.0915001664552,-0.500880793856695,9.96902902109961,-6.36721414679573,-0.152461648746193
"75",14.7571536560365,-8.00880300746706,1.83826428913302,-6.7948814353001,13.7027120808775
"76",18.3453986862738,-9.71999069506995,-0.387529623131697,-8.06027977531836,16.5437902723512
"77",9.21808930799945,-4.60198435008308,5.61369765349333,-8.04473514128593,6.1955721363669
"78",17.3889871169729,-8.6486956754347,0.0659789552789278,-8.97161772973142,14.9693545958494
"79",2.27222330790607,-0.81890811290558,10.6460593655001,-7.77607601320974,-0.421073525792268
"80",16.9790274303176,-9.14247521295228,0.738389576725668,-8.71048592492809,15.2757051960456
"81",12.3467400578895,-6.13733659808268,3.95968790869392,-8.82707365079011,9.7103688386006
"82",-3.41626981639328,2.16008816014747,14.7735462657385,-7.75575476414202,-5.90822860966596
"83",28.4266561663668,-16.3787615396307,-6.36309166415241,-8.61936486421745,28.6823446063116
"84",1.27470965835087,-0.454263503678901,11.9182158851854,-8.55121010888905,-1.77206430175123
"85",18.4094701546129,-10.246499942917,0.502406469261902,-9.35670266800066,16.6523336051418
"86",2.15225947042858,-1.01202236354381,11.8258875612994,-8.56717794986432,-0.401995605097076
"87",10.3924570396633,-6.23615268537579,6.19115206899934,-8.97382522617938,9.24786450853654
"88",2.96878187019108,-1.92705551025283,11.2122676559781,-8.85694716562251,0.968094388250907
"89",27.2220269060538,-16.2612542393115,-4.98837525932486,-8.81962593794385,28.2695333210135
"90",-3.79583146056842,1.10648192016053,16.156904600041,-7.70481416002919,-4.59882512880576
"91",-2.34762372177801,0.0894178500103613,15.3174797865721,-7.25463335426174,-2.65112439827308
"92",15.8056592086186,-10.2401779153394,3.04705740738658,-8.10966695903965,16.9579722860723
"93",8.60272932772037,-5.58871944760334,7.57236312048008,-8.22676333955993,7.54492824427423
"94",8.83954569232547,-5.35136891873721,7.44950729721544,-8.76572977568352,7.95996410855197
"95",18.1843281691146,-11.3205060105527,1.13294083513634,-8.06169935983371,18.5697525311325
"96",-1.05957488824395,-0.131445754096018,13.9007561792863,-7.57157471605355,-2.56224356548527
"97",20.3320242824774,-12.0854466506263,-0.609766592144605,-8.6170224773329,20.4475548144359
"98",6.92536651036228,-4.14913492375394,8.52438899977473,-8.39891457907778,4.65417810834782
"99",-2.07505480094526,1.18488258400314,14.0938691307146,-7.77427933925658,-5.19759299800124
"100",9.92160061204598,-5.10980292739946,5.73297898682832,-8.78704812168694,8.03850144542344
"101",5.96913080457998,-2.89250627618109,8.153759607017,-8.60234451596843,4.23192764129167
"102",4.27451533253139,-2.08224441517949,9.01821510082633,-8.26364540151629,2.67963759834063
"103",7.17154611589791,-3.98581478612666,7.33323670242617,-8.10661691470038,6.46748364915603
"104",10.9989537538719,-6.04199088457233,4.67101725190918,-8.4227507621965,10.3898299176226
"105",-0.645160721785022,-0.148415329498307,12.1701798945852,-7.01419281779743,-2.33754595639804
"106",-0.102265679255962,0.140482980628381,11.8507217306924,-7.22998093343255,-1.94786668696097
"107",-2.88452334744455,1.2349256285151,13.5566262966302,-6.60996711330888,-4.17386886174868
"108",-7.23733132886594,4.44261760420114,16.6575783801322,-7.21803532316213,-9.02885196231662
"109",10.2575440361704,-5.23359174484231,4.32075896107456,-7.85354436009548,10.1357048668458
"110",-6.35203903149143,4.41004141789582,14.9260404730714,-6.99014558259225,-7.84472023678734
"111",2.91317842358004,-0.410310071671874,8.68336050112403,-7.59839195714448,1.86547672298084
"112",6.54517910240452,-1.28226570305613,6.30054889026711,-9.23690185793969,4.12413286234176
"113",9.67406729007641,-4.39032013653125,3.87629473141828,-8.01518714596417,8.50903789150322
"114",10.3211375384241,-4.52174791195826,3.59847292437323,-8.42026505135113,8.77727902001744
"115",14.2237837379745,-6.0127490239694,1.01999345706448,-9.12192776803806,12.0520045220821
"116",3.52951012630261,-0.240027638298057,8.14314551180678,-8.42743788417799,1.13752613362606
"117",7.74491086979735,-3.10019567696685,5.38139417960381,-8.21754034157658,6.90826943281045
"118",13.1629628480034,-5.85142332357257,1.70475324647901,-8.48676829630513,12.0663588550914
"119",2.06332977791233,0.0609939632994395,9.1335762235247,-8.16613782538094,0.385869547827125
"120",13.6037384984231,-6.69670325155584,1.12612148727247,-8.15310197194457,13.1845535763447
"121",11.8647137617272,-5.32789978119152,2.42178600288532,-8.18393387438009,11.2847518935937
"122",1.35716810157832,0.847765574135689,9.37728681918769,-8.19464801483083,-0.767116804943247
"123",18.3770752115031,-8.32521477153624,-2.03117182747767,-9.26126959368341,16.3032799665175
"124",20.7655956906986,-8.91684056005797,-3.78599695517905,-9.80143989089894,18.2665552234371
"125",4.18655553937497,0.0263557850864795,6.96567277746823,-8.58501930597949,1.74857764505925
"126",17.3554645049663,-7.55977563422212,-1.63466173276604,-9.1184683105883,15.8757043325422
"127",8.72336334978097,-2.66535278476958,4.14799114886919,-9.01634347352742,6.56578729345684
"128",9.71324204255423,-3.60224997753458,3.32209690556112,-8.29871169658682,8.5065165434521
"129",15.4576364454941,-6.85180988665982,-0.22197631698223,-9.12307837783838,14.3760332393142
"130",4.92176642015989,-0.945625893320653,6.89551889089009,-8.57032735251097,2.97138798822684
"131",14.8290894471079,-6.25281066039362,0.0269288685109166,-9.01200818449129,12.6365989943563
"132",18.0661872764275,-6.89043763772752,-2.11012789470604,-10.3748601719221,15.2331800399345
"133",11.5738849388471,-3.57288891194287,2.04769832112475,-9.65201393547658,8.93840012872062
"134",6.77317435081535,-1.62522557231765,5.41547553434232,-8.83763979588978,4.62339658161127
"135",18.6632069314112,-8.64290795757496,-2.39715939073001,-9.10982326159177,17.7735685096759
"136",9.7801714052622,-3.58556301023098,3.58291514408893,-9.04597887172119,8.35540010557074
"137",11.375218534065,-4.33429213188737,2.61667234712554,-9.20410088346811,9.62277047602618
"138",19.7398074664301,-9.38215065846741,-3.01549053412997,-9.60484081525201,18.6571313747248
"139",5.65379245721487,-1.02069613007157,6.63974524679776,-9.30028722213717,3.10049833503747
"140",18.7404417567163,-8.94864304892985,-2.11647905500189,-9.42343675333522,17.8445010031475
"141",16.1642143302327,-7.3714657739033,-0.149717268510005,-9.50953084429317,14.9904571833226
"142",6.384135932162,-1.99055387071395,6.73950991935343,-8.90206194781574,4.42907872361377
"143",22.5339456126678,-10.7342594956439,-4.12300542440333,-10.0297247565387,21.2073457992139
"144",13.463008002688,-5.63219787642747,1.78974173156115,-9.84222022912506,10.9297685481567
"145",18.1192763440521,-7.90154876743296,-1.13708761926112,-10.1323389662152,16.0494081215582
"146",19.7018172906946,-8.98067604134212,-2.46587371613612,-10.0694885583631,18.5026408605901
"147",21.5624424642967,-10.3020955940134,-3.76997564873356,-10.1008785045681,19.7949773980858
"148",15.5350805191102,-6.40915875873946,0.202119088356769,-10.160858171033,12.3706502686266
"149",12.0528030187764,-4.20440889571561,2.47480753672109,-10.1589816776318,8.49903763120195
"150",22.1092777999972,-10.0590346161358,-4.12042101576181,-10.5867217728668,19.6722284622118
"151",5.0357448453597,-0.969710972832949,7.5025860561497,-9.38476093709863,2.51342942394396
"152",25.3876600574879,-12.2380317619611,-6.34057975010725,-10.4996656116896,23.8877014975373
"153",1.79481786275332,1.23848404874338,9.78469384354507,-9.56598063335166,-1.47888823635243
"154",15.1887591400657,-6.60729527583709,0.835009055696476,-10.115357034866,12.8723637792397
"155",28.7836172388008,-13.8384967262865,-8.63041685499801,-10.6244689935388,26.8202550700802
"156",8.62180525005973,-2.88777704394292,5.3238761661885,-9.7769482514311,5.46189610308207
"157",22.3188031640875,-10.2931136670444,-3.75030206796749,-10.4385788059422,20.1519869785489
"158",1.73313915497486,1.11232159567186,9.97900492551103,-9.7711791843528,-1.09480167962411
"159",11.926682929241,-5.68277462944434,3.50001257430513,-9.40789918706466,11.1856894930603
"160",5.19575230329074,-2.11282096797885,8.0907521173306,-8.9062629154545,4.00617714071689
"161",15.0222635037418,-7.68075353331258,1.75883970329798,-9.43896533939588,14.4925731206643
"162",-8.41829392769401,5.19451292510582,17.8028733801837,-8.15656817528738,-10.5130876055378
"163",15.0151288277594,-8.19346980542555,2.40308911229346,-8.85932809873474,15.1090012778697
"164",25.2023011500026,-13.8462999360865,-4.58982911145953,-9.79823612955175,25.4335216150503
"165",8.81011997731506,-4.07460349747633,6.26787892347692,-9.3425359000858,6.784822088622
"166",11.9316830234993,-6.76144287841875,4.28511194373423,-8.68634043987413,11.475795721535
"167",15.2754977417097,-8.26981383287311,2.23916176355397,-9.31893863067344,14.8154250274305
"168",1.57568122766979,-0.755915072973001,11.5078776565438,-8.75507812973787,0.164292698178562
"169",36.0101329591736,-20.1434866948985,-11.6039515316746,-9.82681050634119,37.3000424658717
"170",-5.96359526720778,3.12699949541317,16.5886874207018,-8.0663547346721,-7.93033444125494
"171",5.08594707653594,-2.40289261708039,8.88458935097462,-8.49965042955518,3.21040383540352
"172",18.7735723920953,-9.61951631863555,-0.46436336396139,-9.81024026036091,17.0973663648621
"173",5.30252554378407,-2.02543223057211,8.37585400309342,-8.95457513795268,2.51753340973016
"174",1.78860996247841,-0.0622679291313519,10.6516832431305,-8.81682083668467,-0.963393834719662
"175",36.6754431459526,-19.4033041456481,-12.9459982344327,-10.1128213948864,36.4365279492369
"176",-5.48949995837631,4.18910453507521,15.6371390442679,-8.49764241790217,-8.69033611753361
"177",12.0606621740367,-5.88425337920963,3.76664196134039,-8.94353698755809,10.7653329226697
"178",26.4671646996099,-13.88819578645,-6.01448874785011,-9.80801991293954,25.6101032520516
"179",-2.28270289974428,2.18003271596747,13.4464102187019,-8.40725099966823,-4.34908947833617
"180",33.3978078905073,-18.1899605331435,-10.2553746894453,-9.43536149687948,33.9983073579379
"181",8.62016843141197,-4.2153849225663,6.20985651211271,-8.76221394969625,6.88839438002089
"182",8.38816159677127,-3.81750553959226,6.24900261103527,-8.87449187979754,6.20033528393245
"183",22.9918233348169,-12.066096668227,-3.40665267653599,-8.83703399552478,22.1072378350187
"184",8.76684162477205,-3.9316157201866,6.09396245413508,-8.96391120384195,6.26752057722242
"185",8.56862227239221,-3.78904396304581,6.17021218717077,-9.11572396028371,6.39192902822408
"186",-6.03136325458716,4.27519630490595,16.0234773195264,-7.95541593525267,-8.82755993580243
"187",37.3170907715908,-20.6514697515876,-12.9383359985807,-9.05797139679452,38.3184492544023
"188",1.01106426729606,-0.00870074817490549,11.6072854658226,-7.88601201086564,-1.08168911772748
"189",15.7821022469093,-8.57885768137257,1.6061003457166,-8.39933218551746,14.5795845329268
"190",26.8046593282839,-14.8555449711342,-5.56011924161769,-8.63533093724409,26.6598503367296
"191",4.69272521343789,-2.38194282789301,9.29262624654151,-7.8574856839392,2.86234484205522
"192",30.5022848736446,-17.0849191586067,-7.87195839939754,-8.34345650510313,30.5086302069107
"193",-10.2355618682134,5.83976319320807,19.4382036227921,-7.49258064360476,-13.1843200391254
"194",23.3472218913362,-13.1925116291812,-2.70403555053153,-8.48735565996618,23.4618701925427
"195",19.9336158687739,-11.1129516517207,-0.377777648981564,-9.23259827005742,19.217948614818
"196",8.66912864527878,-5.07174153441068,6.98650077332314,-8.68801681338606,7.39701652806097
"197",12.330578508735,-6.81865637558428,4.45126278079831,-8.52807130319085,11.0115707456631
"198",12.482900771104,-7.02792497071036,4.33170863257586,-8.6185558688394,11.2542226046142
"199",4.50026362592091,-2.80738348807646,9.98940890814564,-8.35625355214914,3.19812043539717
"200",12.3021060351895,-7.20230357732362,4.75965156993324,-8.75085380434237,11.4116162242069
"201",16.2066371271067,-9.42957714482753,2.11554765969604,-7.34059340352549,14.9676614924814
"202",-4.41117722210339,1.28662604484433,16.082576285118,-5.67967737669946,-5.92090941845933
"203",7.50018186229422,-5.3697648071274,8.07894359957609,-6.07456433955159,6.72693324961676
"204",28.157601912311,-15.4935828227415,-6.0841726953235,-9.39254567557928,27.3168501194275
"205",4.66816223495544,-2.74843602734032,9.73980606286396,-7.86128307671043,2.72702446270621
"206",32.0362899833493,-18.0698725052014,-8.80374932096472,-8.73895624792026,32.0029925315237
"207",16.646839835812,-8.96209713071296,1.5127994833705,-8.35729864508421,14.7033121866318
"208",-3.25866093157721,1.88515079477365,14.7424587180679,-7.86734503105217,-6.29253602261673
"209",8.48098856642087,-4.6636703963626,6.71067030589709,-8.02372317054402,6.83782084353313
"210",16.8945667256269,-8.82779682819388,0.96192775170983,-8.64991436020014,14.7283307198183
"211",-3.33108428426759,2.81831125344124,14.3406912979932,-8.52802922197808,-7.14948184325638
"212",16.9922824244518,-9.34842826890786,0.965534375638929,-8.61215077405108,15.9271951921999
"213",13.0827459269711,-6.84866293063453,3.50540224944059,-8.65111933497756,10.8775746261065
"214",0.264886887013072,0.373030142445641,12.144593449537,-8.0577703249462,-2.2704414973335
"215",25.666317536818,-13.8526892567673,-5.16381285611388,-8.88617962336609,24.2270909500396
"216",8.94427125610497,-4.38187835317593,6.48711059840839,-8.61094405115836,6.80156189127016
"217",17.6180529713155,-9.22521946632566,0.387480505290369,-9.00650730037352,15.5716948622037
"218",29.7959220464143,-15.7649956808532,-7.77140794684514,-9.65913431362123,28.5610873500394
"219",17.6675166004241,-9.56504568362651,0.610902412754533,-8.77559921106976,16.0626721049184
"220",4.87069272197878,-2.50141489792966,9.14197521421583,-8.04264002370054,2.61297882995479
"221",13.0803183504611,-7.09032145474029,3.92903614263847,-7.89317397284948,11.5502836084209
"222",-12.7032748078965,7.66525426006499,21.0287061217822,-7.84360699259852,-17.1341957240325
"223",4.25701580677078,-2.98321632178305,10.01386634982,-7.45723155594414,3.14189385240184
"224",17.4159683875766,-9.83754026321368,1.23193034084322,-8.6276192186567,16.8312065297625
"225",-8.85755530769698,4.76390192407988,19.0072254997605,-7.99622323720078,-11.3311999952642
"226",21.9867132821134,-12.816108662796,-1.76146919429194,-8.61215522651862,21.78286695327
"227",8.37897857942729,-5.14860898066753,7.45929589098905,-7.83572807445223,7.11207084386876
"228",-0.597012292328016,-0.0151983100424626,13.5715959285137,-7.55328472251676,-2.73100033688692
"229",32.7238651443921,-20.1599996435243,-8.88028610069335,-7.3351760477004,34.7221656333048
"230",19.4979724792526,-12.4506602366205,-0.0164088809395307,-7.10680695426346,20.4546868610455
"231",1.17619670864752,-1.40109000110125,12.1750589312528,-7.25575702606591,-0.397676148701249
"232",-12.336987369748,6.27678335535406,21.2667748087222,-6.05492434459984,-14.9584542410855
"233",0.216346132518982,-0.743910347770212,12.3188993001181,-6.67814833751316,-1.84910313763915
"234",-2.25399698190671,1.71909912835368,13.5092671605669,-7.51219459595609,-5.03337010151742
"235",6.20667579615392,-3.03326230737652,7.70828362771429,-7.78168594646972,4.25830753529424
"236",16.3015938371919,-8.58139740134228,0.789589299935888,-8.30441970357277,14.7668232112353
"237",-17.6360344933113,10.4606606112303,23.5561481908505,-6.8879109359716,-21.5832117773256
"238",12.4095720993017,-7.34761634781,2.81647195725159,-5.63409469672856,11.4207865665136
"239",14.7320024041166,-7.18031584375264,0.904326235116572,-7.66670330097888,12.6226010816539
"240",4.27691612677659,-0.449306719954503,7.74513393091574,-8.17089409575855,0.476120296839653
"241",12.2984752236723,-5.11834700540839,2.37898395173617,-8.14442048089061,9.30593658995891
"242",-6.52625582442179,5.19048255268417,15.224400384656,-7.56821252143325,-11.1219893035257
"243",22.9591648902072,-10.627426542642,-5.01894820810819,-9.42885007229605,19.9305978102348
"244",1.65309101291559,0.915304448454496,9.24111213280917,-7.95240401407948,-1.9643739456818
"245",10.1115889427309,-3.67173715120582,3.87322187082537,-8.33099033656098,6.75621407953349
"246",7.80925001994518,-3.09038707042807,5.43621668844564,-7.32125361098177,4.71059173636272
"247",7.08390119002763,-3.10760194705623,5.96660726702582,-6.44838197131189,4.13976052531436
"248",19.9856598958747,-10.4292727540752,-2.47525388554225,-6.89437953855526,18.4163384332078
"249",-4.44396053520862,3.17959364311199,14.2600227790337,-5.83585267830933,-8.34473195382067
"250",21.6882534251939,-11.8034155306551,-3.52017264613687,-6.86820316272688,19.8378451186487
"251",12.6884083595896,-5.79221038877202,2.34508251415484,-7.30702256604657,9.94142046523663
"252",-12.5274339116347,8.4942285339105,19.388767303536,-6.83666608554746,-17.4111765741734
"253",28.6334678725872,-15.2582621384202,-8.38169100710739,-7.83073331828946,27.1188191471161
"254",-3.92889310340798,3.10106397758093,13.6320974556813,-6.33592212257981,-7.81047104016811
"255",1.64442607781174,-0.0233676427835489,9.96998782871161,-6.7000378850232,-1.73437606963848
"256",11.0328247635347,-4.56463230872573,3.81633968685809,-8.12278913113299,7.98095767707427
"257",22.6749373061864,-11.774580998814,-3.75212150958158,-8.32105501817555,21.4325416717194
"258",17.3898826730058,-9.32862158306725,-0.119850600129304,-7.87359664199668,15.8193161815637
"259",-15.8731090288624,10.5497670457131,21.9826420427033,-7.99634810229643,-21.8440125115855
"260",25.0389341103863,-12.7272785804274,-5.83035360742226,-9.39960029761517,22.6631273179847
"261",4.63731843530041,-1.22546449853009,7.98956854972558,-7.92103000600557,1.09373085587999
"262",25.4269893340677,-12.8867943402451,-5.89619719551957,-9.15824594230667,23.5215818868627
"263",12.7615362615631,-5.35657476179501,2.65453796416498,-8.90591416883361,9.43128120699624
"264",17.3279994895565,-8.41505573802822,-0.452935972658797,-9.05612875124629,14.9258184478546
"265",11.9738489498858,-4.70970693526712,3.27942925963606,-9.24935441456291,9.05694850078539
"266",18.7032630897706,-9.57950890909846,-1.40280362029911,-8.82150323453646,16.7588216054439
"267",10.861480928908,-4.83060004837714,4.27677236238061,-8.72171849498446,8.18838942516782
"268",10.7808767844175,-4.48355643952646,4.02316441556076,-9.40787814241605,7.02094393950525
"269",24.9731122105895,-12.3910236228875,-5.83302671040496,-9.69129314071347,22.1255376712619
"270",-13.098235818389,9.90799738505618,19.7425484761684,-9.00914338807932,-18.8354420404519
"271",43.3689756770447,-22.9300130511744,-17.8210111984009,-10.0595207192295,42.8181700973483
"272",-6.55300654436064,5.14252491808458,15.9027488198662,-8.33200837667342,-10.9611520242907
"273",30.1113023119386,-15.8337883904519,-8.64226354413028,-9.74391397990893,28.9260394850842
"274",19.7128116461368,-10.1580775049044,-1.50837976957167,-9.27176724805708,17.3712650305159
"275",-19.5421820717695,12.5478959940641,24.9714394896818,-8.55727347515769,-25.2276718606236
"276",51.7141093174982,-27.9773955745017,-22.6264555649434,-10.7505863713231,51.830681380515
"277",-6.13334443592323,4.47459383577523,16.2441142952121,-8.74862590407571,-10.5241321344381
"278",22.5844459691064,-12.0381563094222,-2.74118962252167,-9.75188621004693,20.62778923118
"279",16.9020492086083,-8.64442484375209,0.782245044108654,-10.0073028709576,14.3226628378482
"280",19.2611514830606,-10.440641091463,-0.523822241565035,-9.24032065812884,17.4515286720133
"281",-12.3759960524923,7.51172369438196,21.0939336491431,-8.35625722474783,-16.6064341244124
"282",29.2433962041707,-15.7261564333605,-6.71516438573066,-10.2337095281246,28.1340165576085
"283",24.611175617493,-13.5046990202115,-3.62886972360931,-10.3382600534036,23.0053416069593
"284",4.24705013255031,-2.39646370752381,10.0726451436233,-9.02940660736097,1.11942421056934
"285",25.3811573953778,-15.0904009986395,-4.01004000827659,-9.65609590336029,25.1010757003062
"286",0.947076840459572,0.0460414972193827,12.3766227558839,-9.11965226399952,-3.02513435224325
"287",16.2604246288297,-8.34582926749701,2.39773373933942,-9.95841620291556,13.7718811613938
"288",13.878155856367,-7.18171117143484,3.8772264104817,-9.83922407550716,11.8811326786269
"289",19.5522681262757,-11.0606019783752,0.315273384657568,-9.75310281482635,18.0224973206479
"290",6.99045424079216,-4.01360763538461,8.7184367183887,-9.45890767028166,4.54227017661629
"291",38.8001734744446,-21.7760258526248,-12.7667386461709,-10.7184224921535,38.9533765198551
"292",15.6713604711955,-8.73528749793799,2.57777267982796,-9.92629208287122,14.0311083573279
"293",-10.1051322110846,5.44608158820383,19.8950416441635,-8.53046873472963,-13.4301906436661
"294",21.6162288347086,-11.7115228247661,-1.33055183719454,-9.78954688894015,20.3838033696907
"295",-3.21219307349958,1.85236177004643,15.3030662956248,-8.87173790016175,-5.73692023545107
"296",32.394630388089,-18.6473726607004,-8.59780295817175,-9.6032675647177,33.2606173810151
"297",13.1695789664446,-7.44114880615866,4.58619794098129,-9.27112355441762,12.4582028705802
"298",1.75819428129636,-0.613191960636602,12.1308626624117,-9.58793348400325,-0.0368189968636897
"299",10.0603572116091,-5.87103506389722,6.64415952652781,-9.14425768593868,8.86526121244038
"300",20.9162064334667,-11.5870701789108,-0.728834741621148,-10.2054585662968,20.4316772959839
"301",7.15062450983031,-4.48341181636243,8.18854790284391,-9.00594638214048,6.09894306432269
"302",28.7193179256153,-16.6579770051869,-6.10779141912894,-9.229983847277,29.391563477711
"303",-6.59995414069225,3.64276620180333,17.6094625636088,-8.75203482206537,-8.95891552673628
"304",9.14492726394963,-5.25925463714461,6.98952297749092,-9.20289132845813,8.23101511629438
"305",24.7368860957716,-14.0931135970005,-3.7921950453796,-9.6512540679516,24.6895937053754
"306",-6.2737687400491,3.89530991986084,17.077850431048,-8.44440836346995,-8.67969253093707
"307",6.94134037215915,-4.58805642280415,7.9350860585082,-7.37527544139523,6.74311385236979
"308",17.5659817948969,-10.2818033760868,0.752356065321123,-8.19773640209534,18.0607259737403
"309",9.64199563320731,-5.63783875909245,6.0057396632056,-8.3651453394914,9.20504986208
"310",10.8352604070571,-6.80761598062257,5.08888311528704,-6.96968378670561,11.2397831816642
"311",3.77166022867953,-2.0177848234702,9.62939918532216,-7.82443777626726,3.04207156993387
"312",-13.2503789292739,9.13939149420212,19.4474329938098,-8.10600991204425,-17.3530445716603
"313",4.9077439181932,-0.822010002411444,6.9029254891369,-8.21453476179801,3.28645765223212
"314",5.42758142143903,-1.02451893289182,6.41080575399603,-8.59021459605113,4.11909181156394
"315",-6.91223044194034,7.08057395359786,12.2814287430142,-6.33188549586614,-9.55226222020107
"316",6.61066442813023,-0.844373213642688,3.45755998162668,-7.56960696286785,4.57734892413128
"317",-7.8634590903263,7.23752655124625,13.3682930394662,-6.54255588069475,-10.6527334628639
"318",17.09317080143,-7.02172268596674,-3.32947076142468,-7.84198865785834,16.3432117248738
"319",19.8697880473124,-8.11178273161832,-4.94811068180769,-8.04168231412247,19.1951834778189
"320",4.58785731810954,-0.0176783114735443,5.0445071404629,-7.59787842857456,3.16588294674523
"321",16.6870394505368,-6.82894284191684,-2.90446398478024,-8.04496875165028,16.0160863131279
"322",14.6892293680918,-5.16028555447724,-1.36162352387374,-8.80414893812546,13.5150974800449
"323",28.3900821212102,-13.0553026389678,-10.7046167645638,-8.98385099375453,28.3978153039864
"324",-0.959327726300655,3.36881151033715,9.23312274434587,-8.01454003143454,-3.11449191297883
"325",-0.851720543447401,3.40472133888324,9.05002359419966,-6.81651272924364,-2.79235480735324
"326",-2.43799686276863,4.20840495954395,10.1031609378991,-7.42441442390868,-4.32054230657839
"327",28.8554860591541,-14.2617243826559,-10.9270655372055,-8.26093205371309,30.1146925504063
"328",4.72914838101409,-0.219240586927,5.7500968725732,-7.83546723413502,3.93577380933347
"329",5.09444544801518,-0.336222813104818,5.43813436676036,-8.29593731043796,4.24724173306208
"330",31.3662116666239,-15.3219838557184,-12.3580494983192,-9.19427709086364,32.7960100928705
"331",8.9578492529618,-2.07655978240095,2.71991613722338,-8.91941682916242,8.0529985113971
"332",18.7537680128931,-7.16963482240399,-4.51473058088038,-9.48052178821229,18.7345268064071
"333",12.831696555538,-4.83764526053323,-0.430348892240467,-8.16828389063535,12.7044113263262
"334",10.5120543192686,-2.80778245277576,1.35528007560109,-9.32370563325693,10.0337708497845
"335",5.33739320928444,0.135884212598433,5.13185561951809,-8.71825082319105,4.44948507328862
"336",28.8765689113478,-13.8335252353226,-10.6347904380375,-9.22168454399422,29.9524022002314
"337",21.7919754088185,-10.0263334620104,-6.04824613099029,-8.8095658846411,22.2616812636501
"338",-9.74031478795295,7.22628520817066,15.5392514611228,-5.96331808022904,-11.2968281064127
"339",39.1750849289347,-20.0835722436813,-17.1213833133051,-8.11632585074709,40.9534842610368
"340",-0.0868429059629861,2.34413247173777,9.34434214702517,-7.44948553888088,-1.77015187097297
"341",6.37298119505111,-1.5426044570292,5.23621400053545,-7.54207076740353,5.37344754757407
"342",23.9875643159017,-11.0077208231278,-6.56317535376955,-8.92778811835902,24.1338248882539
"343",20.1208407871876,-8.84911842063651,-3.99210280456491,-9.15393691004411,20.174195196
"344",-8.55757321020773,7.16673825783227,15.3733604350874,-8.3485609681699,-10.6176239682419
"345",34.9356404098397,-17.5920983054847,-13.7605100294878,-10.2490386931104,36.3192782889691
"346",-1.45383135061145,3.09550230955245,10.6962815568426,-8.51150777774219,-2.97223352402051
"347",13.3344138955843,-5.39093182630136,0.90326937713288,-8.79433429321335,13.1333034390418
"348",15.6803399933847,-7.28191053467925,-0.681436204262493,-8.57423355920076,15.8367307716989
"349",-0.825051091134061,2.20768407844957,10.7084665309405,-8.61373977284589,-1.99394640021704
"350",15.7678795305148,-6.90907646896169,-0.58534987011857,-9.53994192379481,15.5882046738971
"351",15.8013323537672,-6.89529438903338,-0.28725761918451,-9.45291845920091,15.4179581904405
"352",3.8460430072172,-0.130639164807303,7.8665041374688,-8.99973672912929,2.47422730363242
"353",17.867772698722,-8.25588441249733,-1.69811092733262,-9.24065369312635,17.7431599456446
"354",17.2713924663848,-8.63388814850071,-1.17223435408461,-8.91702313515554,17.1212467078395
"355",16.6462018551348,-7.20646551207075,-0.835685167696714,-9.65035989713686,15.9380581899388
"356",15.9746574852231,-6.96135690562122,-0.385851027193034,-9.68636480840844,15.6164944689306
"357",5.22908936090065,-1.30900373884083,6.8969457235049,-9.00987821326927,4.47064007403602
"358",21.6764148293763,-9.89403856134954,-4.13071957405195,-10.0625332706765,21.2492369245119
"359",11.5075490705989,-4.3095130462101,2.23576499601885,-9.45885558723476,10.2172858087281
"360",-6.4682455144386,5.91757479910851,14.4025332049213,-9.11279869321788,-9.03939720806781
"361",24.6471881161544,-11.7677430498625,-6.69677082470295,-9.70765361252706,24.4043771861429
"362",14.0597507065138,-5.86236653443315,0.330332146665932,-9.2990875714138,13.3052302313062
"363",17.4759095960756,-8.09422165746123,-1.62549979387657,-9.31144862420036,17.2608006539508
"364",4.51383417073679,-0.101325662215846,7.02919122374797,-9.36565041749084,2.56209435561789
"365",11.3863122192821,-3.76870512078404,2.3798015775851,-9.75723518627166,9.88418766697232
"366",11.4147963945156,-4.35105184664348,2.19428819201222,-9.48992146245764,10.8758738143983
"367",27.4502468887286,-13.3119282502461,-8.54875254979473,-9.470043281259,27.4516965325812
"368",12.4792068703588,-4.95510311446625,1.82475899605981,-9.26841870163391,11.2506914146595
"369",23.1148700612279,-10.8694634012498,-5.14609783739474,-9.86126071042188,22.7898414187429
"370",23.4402191254977,-11.2530177059372,-5.55941850026131,-9.77213340423998,23.5760255006407
"371",27.0785170077641,-13.1284528695675,-7.99024728690779,-10.2391813818239,27.2352141042615
"372",2.61647781365229,0.597434495842298,8.74352398977748,-9.18279230892768,0.673754363119238
"373",44.575476535338,-23.289402859691,-19.6022612638812,-10.7282247914509,46.4955938580673
"374",-17.3647342630024,12.1578313612445,22.0682036105265,-8.78066257345385,-21.0533846071842
"375",17.6053292008306,-7.92535300897634,-1.36717599002694,-9.25464286943276,17.09919260854
"376",0.306461685989639,2.09690240147532,10.2081789774712,-9.17850911466435,-1.97124843037138
"377",30.2764480483073,-14.9318187406512,-9.79314089693716,-10.0245579346654,30.593798074313
"378",25.1374804564148,-12.3748838162056,-6.14979227458247,-9.47177660521425,25.5432562775203
"379",19.1780615642769,-9.20285249350687,-2.69151684227304,-9.75533790018182,19.2636099358243
"380",-5.593952574425,5.03194900778515,14.2611379791623,-8.75028705326362,-8.07908580389747
"381",37.041133784465,-19.3090754507878,-13.9199347357023,-10.2241503127351,37.9255311600869
"382",9.17547127350838,-3.68244928987885,4.54180453921884,-9.52995594632164,7.4303812279278
"383",-9.29999876034999,7.37161234682398,17.356799521179,-9.18264949221356,-12.9108849024209
"384",65.0044980307544,-35.0837126080838,-33.2177827465996,-10.8491661113231,67.9769685010837
"385",-28.013893250415,17.7757270972861,29.3248496178281,-7.7147220081857,-32.520921057511
"386",12.3125606651249,-5.61449687793443,2.29554225366256,-8.60825325989547,11.2200921812043
"387",29.92444991127,-14.9719613342401,-9.69459679048959,-9.67639958760352,30.2106236091859
"388",7.03654273994105,-1.84161500406614,5.82050989792996,-9.51952970799823,4.78811815316586
"389",-5.25792447718226,4.48633933047366,14.2926858527589,-8.02035632153277,-7.66801553374798
"390",34.9776657725022,-18.2966019306249,-12.8652571620949,-10.0844328048132,35.8563807642477
"391",-10.3719465100156,7.35749903786857,17.8931335709218,-8.42760034845468,-12.9330607403114
"392",9.63576165602041,-3.51421869803046,4.53953966573621,-9.60984661605808,8.18463536347613
"393",8.74393631849798,-3.57832163685373,5.14437837342754,-8.69847600717987,7.44653129332163
"394",25.9928628035191,-13.4848778440423,-6.25298403666215,-9.73404269225334,26.4450391018755
"395",-7.43802787134932,5.68749096566686,16.2571830707369,-9.14093828409681,-10.0680266235087
"396",24.1182206241047,-12.1025699079659,-5.02944880731924,-10.0381710505569,23.9277097150708
"397",-6.81827908503409,5.21744637603709,15.8218605037648,-8.81106576135498,-9.71260437205933
"398",36.6958745243725,-18.5768947462809,-13.7266225319496,-10.8823455331278,36.8682217315962
"399",11.13679352714,-4.20183496225799,3.39775858942009,-10.0693815897691,9.12586665060311
"400",-11.4219769622007,8.17037818073229,18.8032003756352,-8.8473490439077,-14.4764312033706
"401",31.8332244133132,-16.5240677564884,-10.3608455856687,-10.2262525404186,32.3251119255246
"402",4.21205971468299,-0.609334867104842,8.30517786473945,-9.67752251934358,2.05271622791501
"403",30.1783329659094,-15.6168829489617,-9.12986154224604,-9.89349179970595,30.4753642652951
"404",-6.00266100139815,5.13178781754374,15.1697057632936,-9.26273742457864,-8.57115691677019
"405",43.41732472451,-23.4777788651776,-17.6447166206603,-10.6278167031549,44.9773490758501
"406",7.0993374489703,-2.76067591511495,6.64675281033928,-9.75608616644329,5.79059515633416
"407",13.9956934278267,-6.53227888221078,2.16613105602368,-9.7774987711108,13.2819819461197
"408",14.444618091496,-6.93650731402485,1.70616838204689,-9.70743143814356,13.6136190536204
"409",17.7707809400582,-8.26761038734944,-0.26851016120471,-10.125541115503,16.4557597652664
"410",2.680671553542,-0.136056037478075,9.63810001362324,-9.64314658145319,0.825780182633112
"411",16.0859438499104,-7.90562033122956,0.804324928785816,-10.1260352503717,15.3420022566007
"412",28.3732075138715,-14.7974705464508,-7.56033217040903,-10.5038014380115,28.4775229273772
"413",10.8852302201211,-4.4323680831542,4.2625630991103,-9.25774330608668,8.54509919895344
"414",27.466649997584,-14.0014579438443,-6.89506975045999,-9.95482692690422,26.8847283844129
"415",17.2498557125429,-8.50568010162052,-0.134500621640251,-9.47094012219615,16.2980103018197
"416",17.8240579463469,-8.8014684435922,-0.295054859134529,-10.2711803531634,17.0455389393902
"417",27.6548668140684,-14.2184608279612,-7.07190942933512,-10.0755707144866,27.6695296734455
"418",8.80747819369223,-3.59649767841108,5.59090432359166,-9.52023984148077,7.39761924692569
"419",12.7485679483712,-5.9088804397951,3.03969572374462,-9.74340955691754,11.6857613394962
"420",20.1748849050018,-9.77702797347212,-2.01243456555975,-10.2386617408651,19.2706562238306
"421",12.9821216295121,-6.25650229234802,2.90413261310987,-9.42437120804109,11.7841698904103
"422",24.1084195200305,-12.4457252487564,-4.61658704167254,-9.7096401209894,23.9465490466657
"423",2.76035582137046,-0.45381974391145,9.67965822069963,-8.25909516337691,1.18011861505148
"424",13.5995347985588,-7.39668980167716,2.71033716881265,-8.95364653784049,13.5720152860605
"425",-16.4109203616455,10.3183306831825,22.8523188341563,-8.38484922550977,-19.4039095530358
"426",28.6519837850038,-15.2023588382232,-7.27342826941863,-9.96689184404468,29.2832982257252
"427",4.92937104459734,-2.22057889865498,8.86231238098426,-9.23065113583396,3.86748253226173
"428",15.841094484194,-8.12775271788949,1.48878607896118,-9.21783113702376,15.4297631196196
"429",1.32692941167056,-0.601198863196807,11.5436267251351,-8.37094321350093,0.612430990078223
"430",6.75480761626423,-3.67461707495408,8.00998531291592,-9.17646288884061,6.26727609818261
"431",15.0451306293716,-8.91651021311717,2.4587238744501,-8.01156111145712,15.1439235883459
"432",8.33347413523104,-4.24241193980473,6.94563029918315,-9.31090323139376,7.38463027124799
"433",32.0680518718126,-17.824985591965,-9.03792601850464,-9.85043775621313,33.2250763433028
"434",-22.8750096799046,13.7768992711335,27.7180230390176,-8.42720346066032,-26.8451766482884
"435",1.0861643967169,0.142132688367757,11.6433623310062,-9.08089480997786,-1.03616989231693
"436",39.166502533603,-21.7543727278587,-13.8241295025353,-10.0151449749268,40.3136609802246
"437",0.940039275464319,-0.123093486229705,11.9771620345544,-8.31875009164144,-0.74912446101668
"438",22.5842286329978,-11.8320697724509,-3.14706516371406,-8.53418916755123,21.4700933603098
"439",36.0417695761571,-19.6725665982941,-12.3730797866727,-8.58575686092771,36.0185568898172
"440",8.98496382428698,-4.70628982715519,5.9257717227682,-7.98406263325201,7.12939157960608
"441",17.3553306751533,-9.05309573871457,0.545864113813149,-8.77522155450659,15.9807851767308
"442",36.1431207378127,-19.807813089043,-12.6230189125934,-9.36242433811474,36.3610836805129
"443",25.2697759074111,-13.2314827754609,-5.18597985417945,-9.39283897162802,24.6385798845716
"444",73.2295710013496,-40.8918244528521,-37.3858473265001,-10.645913035856,77.0312088036451
"445",1.12466544091374,-0.409392979055502,11.2128689022183,-8.41974840719285,-0.925994141354062
"446",14.1281321366853,-7.0647997318762,2.4798982916444,-9.26300561695453,12.8833238890293
"447",39.5788298732909,-21.4851447645305,-14.7806780354227,-9.86544881776317,39.6779106064687
"448",-0.03532270664272,0.89795888017416,11.8431527715642,-8.23593625642798,-2.90106542879797
"449",46.2338363875996,-25.2864310823053,-18.7778371711127,-10.0607729122992,46.8196110052811
"450",0.51105640934162,0.510211590246357,11.5138860716345,-8.78057622077351,-2.68984999220548
"451",15.608952198107,-7.48744531499423,0.978428178059344,-8.82239483297752,12.6565421426995
"452",45.5054773844746,-24.6145275078792,-18.928860480111,-9.91903043407589,45.1164497244072
"453",0.163321548547314,2.33286664632839,11.2089734881753,-9.26174328871156,-4.98388722241117
